{
    "rmse": 0.657460336106157,
    "mae": 0.5145149476596768,
    "r2": 0.3606595334554995
}