{
    "rmse": 0.6559091214250834,
    "mae": 0.5123018849633161,
    "r2": 0.3656900257929029
}