{
    "rmse": 0.6381055611905436,
    "mae": 0.49167244349269784,
    "r2": 0.3465275120810486
}