{
    "rmse": 0.6768385383166261,
    "mae": 0.5229876741683916,
    "r2": 0.36098422799471763
}